insert into Driver (license, Ht, Wt, Eye, Sex, DOB, Expiration, Issued, HomeAddress, FullName) values (1, 10.52, 86.41, 'Crimson', 'M', '2003-01-16 17:09:03', '2015-06-09', '2014-02-03', '9606 Westerfield Avenue', 'Gunner Thecham');
insert into Driver (license, Ht, Wt, Eye, Sex, DOB, Expiration, Issued, HomeAddress, FullName) values (2, 2.77, 229.12, 'Aquamarine', 'F', '2003-08-10 19:31:19', '2016-08-29', '2005-01-06', '45 Sycamore Avenue', 'Bellanca Piddocke');
insert into Driver (license, Ht, Wt, Eye, Sex, DOB, Expiration, Issued, HomeAddress, FullName) values (3, 8.44, 402.44, 'Purple', 'F', '2008-10-24 13:22:15', '2015-07-11', '2006-10-14', '7114 Hagan Street', 'Orelie Thackeray');
insert into Driver (license, Ht, Wt, Eye, Sex, DOB, Expiration, Issued, HomeAddress, FullName) values (4, 3.02, 197.2, 'Red', 'F', '2004-10-25 02:58:14', '2017-10-05', '2005-11-05', '1 Pepper Wood Parkway', 'Hermine Saice');
insert into Driver (license, Ht, Wt, Eye, Sex, DOB, Expiration, Issued, HomeAddress, FullName) values (5, 1.75, 437.52, 'Aquamarine', 'M', '2002-09-27 06:55:45', '2017-12-10', '1990-05-28', '2155 Elmside Court', 'Paul Warman');
insert into Driver (license, Ht, Wt, Eye, Sex, DOB, Expiration, Issued, HomeAddress, FullName) values (6, 1.28, 7.05, 'Turquoise', 'M', '2008-07-25 17:02:06', '2018-05-19', '2006-01-21', '253 Gina Plaza', 'Rik Hawk');
insert into Driver (license, Ht, Wt, Eye, Sex, DOB, Expiration, Issued, HomeAddress, FullName) values (7, 1.43, 14.99, 'Goldenrod', 'F', '2008-06-12 12:36:28', '2019-01-22', '2010-03-25', '557 Tennessee Terrace', 'Tamqrah Skeermer');
insert into Driver (license, Ht, Wt, Eye, Sex, DOB, Expiration, Issued, HomeAddress, FullName) values (8, 9.54, 306.18, 'Crimson', 'M', '2009-09-01 22:28:28', '2015-05-11', '2003-12-06', '9499 Doe Crossing Circle', 'Germayne Sivior');
insert into Driver (license, Ht, Wt, Eye, Sex, DOB, Expiration, Issued, HomeAddress, FullName) values (9, 8.2, 211.34, 'Indigo', 'F', '2004-04-24 01:26:37', '2017-09-17', '1992-04-01', '5743 Service Lane', 'Jayme Rides');
insert into Driver (license, Ht, Wt, Eye, Sex, DOB, Expiration, Issued, HomeAddress, FullName) values (10, 9.67, 243.17, 'Crimson', 'M', '2010-01-21 22:57:37', '2016-11-28', '1995-01-28', '430 Moulton Avenue', 'Guido Camplin');
insert into Driver (license, Ht, Wt, Eye, Sex, DOB, Expiration, Issued, HomeAddress, FullName) values (11, 7.59, 283.33, 'Orange', 'M', '2006-01-28 19:49:01', '2017-10-03', '2007-04-30', '21 Iowa Avenue', 'Alvis Stothart');
insert into Driver (license, Ht, Wt, Eye, Sex, DOB, Expiration, Issued, HomeAddress, FullName) values (12, 10.39, 385.9, 'Fuscia', 'M', '2007-08-06 20:23:46', '2015-08-26', '1993-07-26', '954 Rutledge Plaza', 'Leonidas Komorowski');
insert into Driver (license, Ht, Wt, Eye, Sex, DOB, Expiration, Issued, HomeAddress, FullName) values (13, 10.54, 237.77, 'Blue', 'M', '2004-09-05 06:10:50', '2018-09-08', '1991-06-26', '33 Sommers Terrace', 'Sanson Ancliffe');
insert into Driver (license, Ht, Wt, Eye, Sex, DOB, Expiration, Issued, HomeAddress, FullName) values (14, 10.05, 30.68, 'Maroon', 'M', '2008-12-10 03:51:02', '2019-02-02', '2007-11-21', '8 Green Lane', 'Aluino Carek');
insert into Driver (license, Ht, Wt, Eye, Sex, DOB, Expiration, Issued, HomeAddress, FullName) values (15, 8.38, 112.6, 'Blue', 'M', '2005-01-24 02:05:37', '2017-12-03', '1998-02-08', '0 Kennedy Plaza', 'Emile Heintz');
insert into Driver (license, Ht, Wt, Eye, Sex, DOB, Expiration, Issued, HomeAddress, FullName) values (16, 10.92, 456.11, 'Blue', 'F', '2009-10-19 04:06:54', '2016-06-16', '1992-10-03', '0 Dahle Avenue', 'Brunhilda Gulvin');
insert into Driver (license, Ht, Wt, Eye, Sex, DOB, Expiration, Issued, HomeAddress, FullName) values (17, 11.36, 122.26, 'Green', 'F', '2006-02-21 20:07:48', '2018-05-18', '2005-03-09', '6 Eliot Avenue', 'Cathe Pendlington');
insert into Driver (license, Ht, Wt, Eye, Sex, DOB, Expiration, Issued, HomeAddress, FullName) values (18, 1.3, 242.11, 'Red', 'M', '2005-11-28 21:15:11', '2016-03-01', '1998-09-26', '293 Anniversary Plaza', 'Callean Brigham');
insert into Driver (license, Ht, Wt, Eye, Sex, DOB, Expiration, Issued, HomeAddress, FullName) values (19, 4.84, 104.96, 'Crimson', 'M', '2005-05-25 12:18:30', '2017-09-01', '1995-09-20', '15 Delaware Circle', 'Freedman Pitkins');
insert into Driver (license, Ht, Wt, Eye, Sex, DOB, Expiration, Issued, HomeAddress, FullName) values (20, 8.73, 300.82, 'Yellow', 'F', '2005-07-20 01:03:30', '2018-04-02', '1997-02-03', '96988 Carberry Alley', 'Tracee Macklin');
insert into Driver (license, Ht, Wt, Eye, Sex, DOB, Expiration, Issued, HomeAddress, FullName) values (21, 2.69, 125.75, 'Aquamarine', 'F', '2007-01-05 17:42:22', '2017-10-10', '2014-03-27', '05273 Bunting Terrace', 'Shane Wanne');
insert into Driver (license, Ht, Wt, Eye, Sex, DOB, Expiration, Issued, HomeAddress, FullName) values (22, 2.77, 89.99, 'Teal', 'M', '2004-05-09 15:32:54', '2018-07-18', '1992-11-30', '6843 Clemons Court', 'Emory Gatfield');
insert into Driver (license, Ht, Wt, Eye, Sex, DOB, Expiration, Issued, HomeAddress, FullName) values (23, 4.19, 206.28, 'Teal', 'M', '2003-03-15 07:43:51', '2016-01-31', '1995-03-28', '880 Schiller Drive', 'Niles MacAnellye');
insert into Driver (license, Ht, Wt, Eye, Sex, DOB, Expiration, Issued, HomeAddress, FullName) values (24, 11.7, 99.63, 'Maroon', 'F', '2001-12-25 04:47:40', '2015-05-03', '1998-07-07', '1661 Badeau Parkway', 'Morgen Domb');
insert into Driver (license, Ht, Wt, Eye, Sex, DOB, Expiration, Issued, HomeAddress, FullName) values (25, 2.28, 172.7, 'Puce', 'F', '2005-03-11 02:29:58', '2015-11-13', '1997-01-03', '883 Nevada Point', 'Felicle Geard');
insert into Driver (license, Ht, Wt, Eye, Sex, DOB, Expiration, Issued, HomeAddress, FullName) values (26, 9.23, 485.36, 'Yellow', 'M', '2002-08-19 01:31:24', '2016-10-18', '1991-09-25', '49 Elka Point', 'Jacky Barthelet');
insert into Driver (license, Ht, Wt, Eye, Sex, DOB, Expiration, Issued, HomeAddress, FullName) values (27, 3.67, 186.37, 'Puce', 'F', '2002-09-29 19:00:48', '2017-10-03', '2011-12-17', '34944 Harbort Parkway', 'Barbi Pickhaver');
insert into Driver (license, Ht, Wt, Eye, Sex, DOB, Expiration, Issued, HomeAddress, FullName) values (28, 5.39, 332.61, 'Green', 'M', '2006-11-08 00:55:20', '2018-12-14', '1990-06-05', '42 Shelley Street', 'Fergus Gilford');
insert into Driver (license, Ht, Wt, Eye, Sex, DOB, Expiration, Issued, HomeAddress, FullName) values (29, 4.53, 86.93, 'Maroon', 'F', '2004-12-08 15:21:57', '2017-11-21', '2001-10-09', '73467 Continental Center', 'Adelaida Gerbel');
insert into Driver (license, Ht, Wt, Eye, Sex, DOB, Expiration, Issued, HomeAddress, FullName) values (30, 7.81, 351.25, 'Teal', 'M', '2003-10-27 22:43:23', '2015-11-05', '1992-01-20', '57445 Weeping Birch Hill', 'Griz Joblin');
insert into Driver (license, Ht, Wt, Eye, Sex, DOB, Expiration, Issued, HomeAddress, FullName) values (31, 3.65, 378.35, 'Turquoise', 'M', '2008-07-31 03:42:47', '2015-09-12', '2003-11-08', '1619 Sutteridge Trail', 'Shepard Culkin');
insert into Driver (license, Ht, Wt, Eye, Sex, DOB, Expiration, Issued, HomeAddress, FullName) values (32, 2.08, 276.16, 'Yellow', 'M', '2007-07-28 14:54:14', '2018-07-10', '2008-01-21', '54579 Dawn Avenue', 'Hy Haggie');
insert into Driver (license, Ht, Wt, Eye, Sex, DOB, Expiration, Issued, HomeAddress, FullName) values (33, 5.72, 11.25, 'Fuscia', 'M', '2005-02-07 16:06:10', '2017-05-27', '2014-01-16', '44320 Arkansas Parkway', 'Gerardo Antrum');
insert into Driver (license, Ht, Wt, Eye, Sex, DOB, Expiration, Issued, HomeAddress, FullName) values (34, 9.25, 295.14, 'Goldenrod', 'M', '2005-03-23 17:53:56', '2018-04-20', '2006-03-27', '7152 Mccormick Avenue', 'Kaiser Giannassi');
insert into Driver (license, Ht, Wt, Eye, Sex, DOB, Expiration, Issued, HomeAddress, FullName) values (35, 5.49, 327.73, 'Goldenrod', 'M', '2006-11-09 17:07:38', '2016-11-09', '1999-09-24', '847 Scott Trail', 'Auberon Burl');
insert into Driver (license, Ht, Wt, Eye, Sex, DOB, Expiration, Issued, HomeAddress, FullName) values (36, 10.39, 123.53, 'Puce', 'F', '2003-07-22 17:48:41', '2016-10-22', '2010-11-23', '1 Pleasure Avenue', 'Aurelia Natwick');
insert into Driver (license, Ht, Wt, Eye, Sex, DOB, Expiration, Issued, HomeAddress, FullName) values (37, 5.01, 269.79, 'Goldenrod', 'F', '2002-11-20 16:36:39', '2017-12-05', '2005-04-21', '79797 Little Fleur Drive', 'Flor Wyllt');
insert into Driver (license, Ht, Wt, Eye, Sex, DOB, Expiration, Issued, HomeAddress, FullName) values (38, 9.94, 54.53, 'Goldenrod', 'F', '2006-08-28 07:46:43', '2015-09-06', '2009-12-31', '45 Moland Hill', 'Hinda Suermeier');
insert into Driver (license, Ht, Wt, Eye, Sex, DOB, Expiration, Issued, HomeAddress, FullName) values (39, 4.56, 146.98, 'Green', 'M', '2002-07-31 20:19:22', '2018-02-01', '2004-04-04', '4 Nancy Pass', 'Eduard Senett');
insert into Driver (license, Ht, Wt, Eye, Sex, DOB, Expiration, Issued, HomeAddress, FullName) values (40, 10.29, 260.44, 'Puce', 'F', '2008-01-30 22:13:13', '2018-07-11', '2004-12-13', '19 Jackson Way', 'Erinna Sievewright');
insert into Driver (license, Ht, Wt, Eye, Sex, DOB, Expiration, Issued, HomeAddress, FullName) values (41, 3.62, 346.93, 'Teal', 'M', '2005-11-27 00:46:43', '2019-01-15', '1994-07-18', '919 Scoville Plaza', 'Shay Kield');
insert into Driver (license, Ht, Wt, Eye, Sex, DOB, Expiration, Issued, HomeAddress, FullName) values (42, 8.99, 437.16, 'Indigo', 'M', '2006-09-17 21:02:18', '2018-06-27', '1995-06-06', '13 Lake View Lane', 'Raimund Van der Daal');
insert into Driver (license, Ht, Wt, Eye, Sex, DOB, Expiration, Issued, HomeAddress, FullName) values (43, 8.54, 459.0, 'Fuscia', 'F', '2008-02-17 16:15:00', '2018-04-19', '2002-12-11', '2854 Fairview Center', 'Guenevere Dalgardno');
insert into Driver (license, Ht, Wt, Eye, Sex, DOB, Expiration, Issued, HomeAddress, FullName) values (44, 8.58, 30.79, 'Indigo', 'M', '2005-07-23 22:54:49', '2017-09-12', '1992-12-10', '711 Barby Street', 'Antoni Dionisio');
insert into Driver (license, Ht, Wt, Eye, Sex, DOB, Expiration, Issued, HomeAddress, FullName) values (45, 10.06, 206.34, 'Pink', 'M', '2004-08-01 19:41:27', '2018-10-27', '1994-03-10', '87706 Elmside Way', 'Roderich Bruyet');
insert into Driver (license, Ht, Wt, Eye, Sex, DOB, Expiration, Issued, HomeAddress, FullName) values (46, 11.89, 258.18, 'Fuscia', 'M', '2004-05-12 09:10:56', '2016-02-15', '1996-09-28', '124 Fair Oaks Park', 'William Hussey');
insert into Driver (license, Ht, Wt, Eye, Sex, DOB, Expiration, Issued, HomeAddress, FullName) values (47, 7.41, 441.48, 'Maroon', 'M', '2004-09-25 05:18:49', '2017-02-05', '2013-04-02', '94 Rockefeller Plaza', 'Damiano Galley');
insert into Driver (license, Ht, Wt, Eye, Sex, DOB, Expiration, Issued, HomeAddress, FullName) values (48, 11.94, 302.21, 'Puce', 'M', '2004-01-11 00:19:48', '2018-08-29', '2011-11-26', '654 Mesta Circle', 'Galvin Kolodziej');
insert into Driver (license, Ht, Wt, Eye, Sex, DOB, Expiration, Issued, HomeAddress, FullName) values (49, 7.0, 498.23, 'Khaki', 'F', '2003-03-19 16:26:24', '2018-10-21', '1996-04-14', '1945 Sommers Court', 'Bethany Waliszewski');
insert into Driver (license, Ht, Wt, Eye, Sex, DOB, Expiration, Issued, HomeAddress, FullName) values (50, 4.93, 203.07, 'Red', 'F', '2006-09-30 16:27:08', '2016-09-12', '2005-02-08', '1972 Dakota Plaza', 'Harrie Harrowell');
insert into Driver (license, Ht, Wt, Eye, Sex, DOB, Expiration, Issued, HomeAddress, FullName) values (51, 10.88, 284.5, 'Fuscia', 'M', '2001-10-25 19:04:29', '2016-11-15', '1997-10-26', '2 1st Lane', 'Erny Holhouse');
insert into Driver (license, Ht, Wt, Eye, Sex, DOB, Expiration, Issued, HomeAddress, FullName) values (52, 4.53, 463.6, 'Maroon', 'M', '2009-03-11 15:08:25', '2017-09-16', '2011-09-26', '74125 Anhalt Trail', 'Odell Magrane');
insert into Driver (license, Ht, Wt, Eye, Sex, DOB, Expiration, Issued, HomeAddress, FullName) values (53, 1.26, 37.9, 'Teal', 'M', '2002-08-02 10:26:23', '2016-05-18', '2007-10-19', '78648 Bartelt Plaza', 'Russ Lumbly');
insert into Driver (license, Ht, Wt, Eye, Sex, DOB, Expiration, Issued, HomeAddress, FullName) values (54, 11.65, 142.35, 'Violet', 'M', '2005-12-15 14:47:54', '2016-01-10', '1998-02-25', '94919 Bunker Hill Terrace', 'Ollie Deathridge');
insert into Driver (license, Ht, Wt, Eye, Sex, DOB, Expiration, Issued, HomeAddress, FullName) values (55, 2.47, 161.6, 'Maroon', 'M', '2007-06-20 17:43:34', '2017-02-14', '1997-05-01', '2516 Pierstorff Plaza', 'Weber Fawthorpe');
insert into Driver (license, Ht, Wt, Eye, Sex, DOB, Expiration, Issued, HomeAddress, FullName) values (56, 8.53, 224.49, 'Puce', 'M', '2001-12-07 02:12:39', '2018-07-17', '1991-06-09', '1349 Lyons Way', 'Augusto Juorio');
insert into Driver (license, Ht, Wt, Eye, Sex, DOB, Expiration, Issued, HomeAddress, FullName) values (57, 3.15, 148.9, 'Teal', 'F', '2001-11-20 01:40:58', '2016-07-16', '2003-03-21', '57 Warner Lane', 'Thomasine Aery');
insert into Driver (license, Ht, Wt, Eye, Sex, DOB, Expiration, Issued, HomeAddress, FullName) values (58, 1.57, 330.79, 'Red', 'F', '2001-12-01 13:27:31', '2015-10-02', '2006-03-09', '5 Cody Hill', 'Elisha Watkiss');
insert into Driver (license, Ht, Wt, Eye, Sex, DOB, Expiration, Issued, HomeAddress, FullName) values (59, 6.04, 333.1, 'Crimson', 'F', '2006-06-18 19:06:47', '2017-12-28', '2013-04-22', '0 Dunning Plaza', 'Hyacinth Wardrope');
insert into Driver (license, Ht, Wt, Eye, Sex, DOB, Expiration, Issued, HomeAddress, FullName) values (60, 2.47, 378.36, 'Blue', 'M', '2007-10-07 08:36:47', '2018-06-04', '1996-02-08', '75791 Mallory Avenue', 'Ed Kick');
insert into Driver (license, Ht, Wt, Eye, Sex, DOB, Expiration, Issued, HomeAddress, FullName) values (61, 7.91, 277.69, 'Pink', 'M', '2003-12-15 14:25:58', '2015-12-26', '2008-06-16', '203 Shelley Alley', 'Sander Bollins');
insert into Driver (license, Ht, Wt, Eye, Sex, DOB, Expiration, Issued, HomeAddress, FullName) values (62, 8.24, 382.02, 'Khaki', 'F', '2005-12-12 23:11:16', '2019-01-08', '1991-08-20', '1943 Clove Lane', 'Petrina Onions');
insert into Driver (license, Ht, Wt, Eye, Sex, DOB, Expiration, Issued, HomeAddress, FullName) values (63, 1.61, 172.5, 'Yellow', 'M', '2009-05-20 08:18:57', '2018-04-22', '2012-07-10', '5 Tony Parkway', 'Terrel Theunissen');
insert into Driver (license, Ht, Wt, Eye, Sex, DOB, Expiration, Issued, HomeAddress, FullName) values (64, 4.5, 157.17, 'Red', 'M', '2009-10-14 03:54:55', '2016-12-11', '1993-01-13', '174 Sugar Court', 'Alden Vane');
insert into Driver (license, Ht, Wt, Eye, Sex, DOB, Expiration, Issued, HomeAddress, FullName) values (65, 4.28, 477.37, 'Turquoise', 'M', '2004-08-10 00:15:52', '2017-11-13', '1995-07-17', '1641 Park Meadow Circle', 'Tucky Penwell');
insert into Driver (license, Ht, Wt, Eye, Sex, DOB, Expiration, Issued, HomeAddress, FullName) values (66, 6.19, 35.44, 'Blue', 'M', '2006-12-07 04:53:01', '2017-08-03', '2006-09-17', '647 Judy Crossing', 'Talbert Greeding');
insert into Driver (license, Ht, Wt, Eye, Sex, DOB, Expiration, Issued, HomeAddress, FullName) values (67, 5.73, 465.28, 'Crimson', 'M', '2007-08-04 18:10:25', '2017-02-06', '2006-05-23', '9 Nobel Park', 'Richart Sprionghall');
insert into Driver (license, Ht, Wt, Eye, Sex, DOB, Expiration, Issued, HomeAddress, FullName) values (68, 10.19, 311.05, 'Pink', 'F', '2007-12-29 21:05:09', '2017-10-11', '2000-07-25', '81 Bunker Hill Way', 'Aaren Birdall');
insert into Driver (license, Ht, Wt, Eye, Sex, DOB, Expiration, Issued, HomeAddress, FullName) values (69, 6.66, 130.21, 'Turquoise', 'F', '2003-07-05 21:38:19', '2018-07-15', '2014-02-15', '4 Twin Pines Street', 'Rita Nugent');
insert into Driver (license, Ht, Wt, Eye, Sex, DOB, Expiration, Issued, HomeAddress, FullName) values (70, 5.88, 451.19, 'Turquoise', 'M', '2006-11-06 12:11:37', '2017-12-30', '2010-12-14', '26 Dennis Alley', 'Laurie Abatelli');
insert into Driver (license, Ht, Wt, Eye, Sex, DOB, Expiration, Issued, HomeAddress, FullName) values (71, 1.57, 384.87, 'Yellow', 'F', '2006-01-26 01:39:57', '2018-08-26', '1997-06-17', '2 Pankratz Plaza', 'Gennie Bickmore');
insert into Driver (license, Ht, Wt, Eye, Sex, DOB, Expiration, Issued, HomeAddress, FullName) values (72, 9.54, 239.49, 'Yellow', 'M', '2005-09-19 14:02:42', '2019-01-22', '1991-03-01', '3 1st Street', 'Kristofer Fargher');
insert into Driver (license, Ht, Wt, Eye, Sex, DOB, Expiration, Issued, HomeAddress, FullName) values (73, 4.66, 376.42, 'Crimson', 'M', '2003-04-05 20:09:38', '2018-12-17', '2000-05-20', '898 Welch Place', 'Rickey Chittim');
insert into Driver (license, Ht, Wt, Eye, Sex, DOB, Expiration, Issued, HomeAddress, FullName) values (74, 8.32, 281.23, 'Green', 'M', '2002-05-13 07:15:20', '2016-04-30', '2012-03-07', '57857 Grasskamp Trail', 'Bart Itzkovwich');
insert into Driver (license, Ht, Wt, Eye, Sex, DOB, Expiration, Issued, HomeAddress, FullName) values (75, 5.0, 482.74, 'Khaki', 'M', '2004-07-01 11:38:42', '2016-03-27', '1990-10-18', '00 Cherokee Street', 'Kendell Vlasyev');
insert into Driver (license, Ht, Wt, Eye, Sex, DOB, Expiration, Issued, HomeAddress, FullName) values (76, 11.28, 134.24, 'Purple', 'M', '2005-04-17 14:58:01', '2016-10-15', '2014-11-27', '38791 Waywood Terrace', 'Rolf Gilstoun');
insert into Driver (license, Ht, Wt, Eye, Sex, DOB, Expiration, Issued, HomeAddress, FullName) values (77, 7.64, 289.8, 'Mauv', 'F', '2002-10-16 13:37:34', '2016-08-09', '1992-12-17', '0577 Union Plaza', 'Stacee Beurich');
insert into Driver (license, Ht, Wt, Eye, Sex, DOB, Expiration, Issued, HomeAddress, FullName) values (78, 2.89, 343.9, 'Goldenrod', 'M', '2002-01-28 07:56:29', '2017-06-10', '1990-12-06', '46503 Steensland Point', 'Bren Russen');
insert into Driver (license, Ht, Wt, Eye, Sex, DOB, Expiration, Issued, HomeAddress, FullName) values (79, 9.32, 482.89, 'Maroon', 'F', '2006-12-20 14:58:21', '2016-09-18', '2002-06-26', '3 Roth Place', 'Katalin Glanvill');
insert into Driver (license, Ht, Wt, Eye, Sex, DOB, Expiration, Issued, HomeAddress, FullName) values (80, 2.68, 6.8, 'Teal', 'M', '2008-03-24 04:00:18', '2015-09-28', '2006-11-17', '1429 Shelley Parkway', 'Rafaello Paxman');
insert into Driver (license, Ht, Wt, Eye, Sex, DOB, Expiration, Issued, HomeAddress, FullName) values (81, 3.54, 263.96, 'Red', 'M', '2007-08-11 22:46:58', '2017-12-03', '2000-06-05', '5 Truax Hill', 'Alwyn Piser');
insert into Driver (license, Ht, Wt, Eye, Sex, DOB, Expiration, Issued, HomeAddress, FullName) values (82, 1.84, 92.4, 'Red', 'F', '2002-12-18 07:28:24', '2017-04-19', '1992-05-23', '11357 Annamark Road', 'Kathye Nelmes');
insert into Driver (license, Ht, Wt, Eye, Sex, DOB, Expiration, Issued, HomeAddress, FullName) values (83, 4.63, 35.44, 'Orange', 'M', '2007-01-21 17:12:38', '2015-11-30', '2005-12-29', '568 Parkside Park', 'Hanson Catenot');
insert into Driver (license, Ht, Wt, Eye, Sex, DOB, Expiration, Issued, HomeAddress, FullName) values (84, 7.61, 212.46, 'Blue', 'F', '2006-09-06 01:32:43', '2018-01-05', '1994-01-15', '5 Buhler Parkway', 'Honey Hartnup');
insert into Driver (license, Ht, Wt, Eye, Sex, DOB, Expiration, Issued, HomeAddress, FullName) values (85, 1.53, 275.95, 'Puce', 'M', '2002-07-25 05:14:54', '2016-01-30', '2001-12-21', '41372 Summerview Junction', 'Dunstan Sketch');
insert into Driver (license, Ht, Wt, Eye, Sex, DOB, Expiration, Issued, HomeAddress, FullName) values (86, 6.78, 145.99, 'Purple', 'F', '2008-02-27 02:09:31', '2015-09-29', '2012-07-22', '34888 Parkside Place', 'Maureene Meritt');
insert into Driver (license, Ht, Wt, Eye, Sex, DOB, Expiration, Issued, HomeAddress, FullName) values (87, 1.81, 167.04, 'Crimson', 'F', '2002-01-22 02:09:07', '2017-03-31', '1991-02-09', '8 Havey Road', 'Kevina Sinton');
insert into Driver (license, Ht, Wt, Eye, Sex, DOB, Expiration, Issued, HomeAddress, FullName) values (88, 9.45, 83.33, 'Goldenrod', 'M', '2006-03-18 12:15:54', '2019-02-07', '1997-06-29', '0 Warrior Circle', 'Dwayne Colliss');
insert into Driver (license, Ht, Wt, Eye, Sex, DOB, Expiration, Issued, HomeAddress, FullName) values (89, 2.79, 233.5, 'Puce', 'M', '2004-03-24 17:31:13', '2015-09-20', '2002-06-28', '4 Buhler Drive', 'Sigismund Walewicz');
insert into Driver (license, Ht, Wt, Eye, Sex, DOB, Expiration, Issued, HomeAddress, FullName) values (90, 6.94, 444.58, 'Orange', 'M', '2007-05-25 01:02:46', '2017-12-22', '2006-10-17', '5 Manitowish Hill', 'Dael Matignon');
insert into Driver (license, Ht, Wt, Eye, Sex, DOB, Expiration, Issued, HomeAddress, FullName) values (91, 11.74, 125.57, 'Fuscia', 'M', '2003-08-17 04:11:26', '2017-01-08', '2011-07-14', '88739 Vermont Way', 'Keane Brigshaw');
insert into Driver (license, Ht, Wt, Eye, Sex, DOB, Expiration, Issued, HomeAddress, FullName) values (92, 2.14, 330.66, 'Yellow', 'M', '2007-05-16 12:48:39', '2018-07-03', '2013-03-27', '9 Grim Drive', 'Waverly Toomey');
insert into Driver (license, Ht, Wt, Eye, Sex, DOB, Expiration, Issued, HomeAddress, FullName) values (93, 7.22, 278.87, 'Green', 'M', '2005-05-13 23:41:53', '2015-08-23', '2004-01-02', '7 Northland Alley', 'Price Gamett');
insert into Driver (license, Ht, Wt, Eye, Sex, DOB, Expiration, Issued, HomeAddress, FullName) values (94, 11.94, 389.74, 'Green', 'M', '2002-07-15 02:23:01', '2017-03-23', '1995-04-07', '562 Express Drive', 'Mikey Hofer');
insert into Driver (license, Ht, Wt, Eye, Sex, DOB, Expiration, Issued, HomeAddress, FullName) values (95, 1.07, 281.58, 'Green', 'F', '2007-06-21 02:37:09', '2015-12-14', '2008-01-26', '87 Fairview Trail', 'Dorthea Stonehouse');
insert into Driver (license, Ht, Wt, Eye, Sex, DOB, Expiration, Issued, HomeAddress, FullName) values (96, 2.9, 379.83, 'Crimson', 'F', '2003-10-24 22:01:08', '2019-02-10', '2005-10-06', '3668 Pleasure Pass', 'Mina Jays');
insert into Driver (license, Ht, Wt, Eye, Sex, DOB, Expiration, Issued, HomeAddress, FullName) values (97, 9.0, 359.37, 'Puce', 'F', '2003-12-16 05:18:04', '2017-03-16', '1996-10-07', '7 Lindbergh Lane', 'Daisey Krikorian');
insert into Driver (license, Ht, Wt, Eye, Sex, DOB, Expiration, Issued, HomeAddress, FullName) values (98, 10.32, 449.89, 'Aquamarine', 'M', '2008-08-08 05:19:32', '2018-10-17', '2011-02-17', '9 Mesta Park', 'August Gallaher');
insert into Driver (license, Ht, Wt, Eye, Sex, DOB, Expiration, Issued, HomeAddress, FullName) values (99, 2.27, 226.07, 'Red', 'M', '2005-02-06 21:54:36', '2018-06-09', '1993-10-02', '9 Jay Crossing', 'Aubrey Tewkesbury.');
insert into Driver (license, Ht, Wt, Eye, Sex, DOB, Expiration, Issued, HomeAddress, FullName) values (100, 5.32, 114.45, 'Khaki', 'F', '2009-07-29 08:46:10', '2016-02-01', '2014-10-06', '19085 Pennsylvania Lane', 'Genevieve Huncoot');
insert into Tollway (ID, CYear, TWLength, NumLanes) values (1, 1996, 445, 9);
insert into Tollway (ID, CYear, TWLength, NumLanes) values (2, 2001, 172, 8);
insert into Tollway (ID, CYear, TWLength, NumLanes) values (3, 2009, 172, 7);
insert into Tollway (ID, CYear, TWLength, NumLanes) values (4, 2011, 81, 1);
insert into Tollway (ID, CYear, TWLength, NumLanes) values (5, 1995, 150, 7);
insert into Tollway (ID, CYear, TWLength, NumLanes) values (6, 1995, 316, 9);
insert into Tollway (ID, CYear, TWLength, NumLanes) values (7, 2008, 242, 5);
insert into Tollway (ID, CYear, TWLength, NumLanes) values (8, 2003, 34, 5);
insert into Tollway (ID, CYear, TWLength, NumLanes) values (9, 2010, 308, 4);
insert into Tollway (ID, CYear, TWLength, NumLanes) values (10, 2008, 247, 7);
insert into Tollway (ID, CYear, TWLength, NumLanes) values (11, 1970, 200, 10);
insert into Tollway (ID, CYear, TWLength, NumLanes) values (12, 1960, 247, 10);
insert into TollGate (ID, TWID, TGLength) values (1, 10, 5);
insert into TollGate (ID, TWID, TGLength) values (2, 4, 25);
insert into TollGate (ID, TWID, TGLength) values (3, 8, 5);
insert into TollGate (ID, TWID, TGLength) values (4, 6, 40);
insert into TollGate (ID, TWID, TGLength) values (5, 10, 25);
insert into TollGate (ID, TWID, TGLength) values (6, 1, 40);
insert into TollGate (ID, TWID, TGLength) values (7, 9, 40);
insert into TollGate (ID, TWID, TGLength) values (8, 7, 15);
insert into TollGate (ID, TWID, TGLength) values (9, 7, 15);
insert into TollGate (ID, TWID, TGLength) values (10, 7, 35);
insert into TollGate (ID, TWID, TGLength) values (11, 7, 30);
insert into TollGate (ID, TWID, TGLength) values (12, 9, 5);
insert into TollGate (ID, TWID, TGLength) values (13, 2, 5);
insert into TollGate (ID, TWID, TGLength) values (14, 1, 20);
insert into TollGate (ID, TWID, TGLength) values (15, 7, 25);
insert into TollGate (ID, TWID, TGLength) values (16, 2, 35);
insert into TollGate (ID, TWID, TGLength) values (17, 1, 35);
insert into TollGate (ID, TWID, TGLength) values (18, 6, 40);
insert into TollGate (ID, TWID, TGLength) values (19, 5, 35);
insert into TollGate (ID, TWID, TGLength) values (20, 10, 20);
insert into TollGate (ID, TWID, TGLength) values (21, 5, 30);
insert into TollGate (ID, TWID, TGLength) values (22, 10, 40);
insert into TollGate (ID, TWID, TGLength) values (23, 7, 15);
insert into TollGate (ID, TWID, TGLength) values (24, 6, 35);
insert into TollGate (ID, TWID, TGLength) values (25, 9, 10);
insert into TollGate (ID, TWID, TGLength) values (26, 4, 40);
insert into TollGate (ID, TWID, TGLength) values (27, 4, 15);
insert into TollGate (ID, TWID, TGLength) values (28, 3, 45);
insert into TollGate (ID, TWID, TGLength) values (29, 10, 40);
insert into TollGate (ID, TWID, TGLength) values (30, 5, 15);
insert into TollGate (ID, TWID, TGLength) values (31, 1, 5);
insert into TollGate (ID, TWID, TGLength) values (32, 2, 20);
insert into TollGate (ID, TWID, TGLength) values (33, 2, 20);
insert into TollGate (ID, TWID, TGLength) values (34, 10, 5);
insert into TollGate (ID, TWID, TGLength) values (35, 8, 45);
insert into TollGate (ID, TWID, TGLength) values (36, 2, 35);
insert into TollGate (ID, TWID, TGLength) values (37, 2, 20);
insert into TollGate (ID, TWID, TGLength) values (38, 1, 40);
insert into TollGate (ID, TWID, TGLength) values (39, 6, 20);
insert into TollGate (ID, TWID, TGLength) values (40, 9, 10);
insert into TollGate (ID, TWID, TGLength) values (41, 8, 25);
insert into TollGate (ID, TWID, TGLength) values (42, 2, 30);
insert into TollGate (ID, TWID, TGLength) values (43, 7, 10);
insert into TollGate (ID, TWID, TGLength) values (44, 5, 10);
insert into TollGate (ID, TWID, TGLength) values (45, 4, 30);
insert into TollGate (ID, TWID, TGLength) values (46, 3, 20);
insert into TollGate (ID, TWID, TGLength) values (47, 5, 10);
insert into TollGate (ID, TWID, TGLength) values (48, 4, 15);
insert into TollGate (ID, TWID, TGLength) values (49, 3, 20);
insert into TollGate (ID, TWID, TGLength) values (50, 7, 5);
insert into TollGate (ID, TWID, TGLength) values (51, 5, 10);
insert into TollGate (ID, TWID, TGLength) values (52, 10, 25);
insert into TollGate (ID, TWID, TGLength) values (53, 2, 40);
insert into TollGate (ID, TWID, TGLength) values (54, 6, 40);
insert into TollGate (ID, TWID, TGLength) values (55, 4, 25);
insert into TollGate (ID, TWID, TGLength) values (56, 2, 30);
insert into TollGate (ID, TWID, TGLength) values (57, 10, 45);
insert into TollGate (ID, TWID, TGLength) values (58, 5, 10);
insert into TollGate (ID, TWID, TGLength) values (59, 1, 10);
insert into TollGate (ID, TWID, TGLength) values (60, 10, 35);
insert into TollGate (ID, TWID, TGLength) values (61, 8, 10);
insert into TollGate (ID, TWID, TGLength) values (62, 6, 45);
insert into TollGate (ID, TWID, TGLength) values (63, 6, 20);
insert into TollGate (ID, TWID, TGLength) values (64, 5, 25);
insert into TollGate (ID, TWID, TGLength) values (65, 5, 45);
insert into TollGate (ID, TWID, TGLength) values (66, 10, 15);
insert into TollGate (ID, TWID, TGLength) values (67, 5, 45);
insert into TollGate (ID, TWID, TGLength) values (68, 2, 20);
insert into TollGate (ID, TWID, TGLength) values (69, 4, 30);
insert into TollGate (ID, TWID, TGLength) values (70, 1, 35);
insert into TollGate (ID, TWID, TGLength) values (71, 4, 25);
insert into TollGate (ID, TWID, TGLength) values (72, 3, 40);
insert into TollGate (ID, TWID, TGLength) values (73, 4, 35);
insert into TollGate (ID, TWID, TGLength) values (74, 1, 20);
insert into TollGate (ID, TWID, TGLength) values (75, 3, 50);
insert into TollGate (ID, TWID, TGLength) values (76, 3, 30);
insert into TollGate (ID, TWID, TGLength) values (77, 8, 50);
insert into TollGate (ID, TWID, TGLength) values (78, 10, 35);
insert into TollGate (ID, TWID, TGLength) values (79, 6, 10);
insert into TollGate (ID, TWID, TGLength) values (80, 10, 50);
insert into TollGate (ID, TWID, TGLength) values (81, 6, 50);
insert into TollGate (ID, TWID, TGLength) values (82, 5, 15);
insert into TollGate (ID, TWID, TGLength) values (83, 8, 20);
insert into TollGate (ID, TWID, TGLength) values (84, 7, 45);
insert into TollGate (ID, TWID, TGLength) values (85, 9, 15);
insert into TollGate (ID, TWID, TGLength) values (86, 3, 5);
insert into TollGate (ID, TWID, TGLength) values (87, 6, 30);
insert into TollGate (ID, TWID, TGLength) values (88, 9, 30);
insert into TollGate (ID, TWID, TGLength) values (89, 3, 50);
insert into TollGate (ID, TWID, TGLength) values (90, 4, 35);
insert into TollGate (ID, TWID, TGLength) values (91, 7, 10);
insert into TollGate (ID, TWID, TGLength) values (92, 2, 5);
insert into TollGate (ID, TWID, TGLength) values (93, 5, 45);
insert into TollGate (ID, TWID, TGLength) values (94, 5, 15);
insert into TollGate (ID, TWID, TGLength) values (95, 5, 5);
insert into TollGate (ID, TWID, TGLength) values (96, 7, 5);
insert into TollGate (ID, TWID, TGLength) values (97, 9, 50);
insert into TollGate (ID, TWID, TGLength) values (98, 9, 25);
insert into TollGate (ID, TWID, TGLength) values (99, 7, 35);
insert into TollGate (ID, TWID, TGLength) values (100, 10, 15);
insert into TollGate (ID, TWID, TGLength) values (101, 10, 40);
insert into Vehicle (PlateNumber, StateRegistered, DateRegistered, RegisteredExpDate, TollRate, VehicleWeight, License, ETag) values (1, 'FL', '2012-02-22 01:25:08', '2015-03-21 22:30:39', '$3.23', 9.88, 63, 1);
insert into Vehicle (PlateNumber, StateRegistered, DateRegistered, RegisteredExpDate, TollRate, VehicleWeight, License, ETag) values (2, 'AZ', '2010-05-27 23:37:01', '2015-11-09 11:18:34', '$0.80', 5.94, 76, 2);
insert into Vehicle (PlateNumber, StateRegistered, DateRegistered, RegisteredExpDate, TollRate, VehicleWeight, License, ETag) values (3, 'TN', '2012-10-29 11:02:26', '2018-07-18 23:13:12', '$7.30', 4.54, 86, 3);
insert into Vehicle (PlateNumber, StateRegistered, DateRegistered, RegisteredExpDate, TollRate, VehicleWeight, License, ETag) values (4, 'MD', '2010-03-31 05:40:17', '2016-03-14 09:38:21', '$10.92', 9.22, 76, 4);
insert into Vehicle (PlateNumber, StateRegistered, DateRegistered, RegisteredExpDate, TollRate, VehicleWeight, License, ETag) values (5, 'TX', '2011-07-26 01:10:21', '2016-07-08 13:13:48', '$8.16', 7.18, 70, 5);
insert into Vehicle (PlateNumber, StateRegistered, DateRegistered, RegisteredExpDate, TollRate, VehicleWeight, License, ETag) values (6, 'AR', '2012-01-05 01:43:30', '2016-12-23 00:31:12', '$6.74', 2.73, 27, 6);
insert into Vehicle (PlateNumber, StateRegistered, DateRegistered, RegisteredExpDate, TollRate, VehicleWeight, License, ETag) values (7, 'TX', '2014-03-29 05:29:02', '2017-04-03 18:23:20', '$11.94', 1.06, 16, 7);
insert into Vehicle (PlateNumber, StateRegistered, DateRegistered, RegisteredExpDate, TollRate, VehicleWeight, License, ETag) values (8, 'CA', '2013-02-19 07:36:31', '2018-04-28 15:44:02', '$9.92', 8.05, 40, 8);
insert into Vehicle (PlateNumber, StateRegistered, DateRegistered, RegisteredExpDate, TollRate, VehicleWeight, License, ETag) values (9, 'MI', '2013-07-26 23:16:59', '2018-11-23 12:44:46', '$8.25', 3.75, 15, 9);
insert into Vehicle (PlateNumber, StateRegistered, DateRegistered, RegisteredExpDate, TollRate, VehicleWeight, License, ETag) values (10, 'IN', '2012-01-19 23:35:56', '2016-12-19 17:45:02', '$13.08', 3.91, 81, 10);
insert into Vehicle (PlateNumber, StateRegistered, DateRegistered, RegisteredExpDate, TollRate, VehicleWeight, License, ETag) values (11, 'IN', '2012-01-19 23:35:56', '2016-12-19 17:45:02', '$14.08', 4.1, 81, 11);

insert into ETCReading (ID, TGID, DTime, ETag) values (1, 90, '2018-03-18 17:52:17', 6);
insert into ETCReading (ID, TGID, DTime, ETag) values (2, 81, '2018-08-11 06:03:26', 2);
insert into ETCReading (ID, TGID, DTime, ETag) values (3, 76, '2018-12-07 06:40:22', 8);
insert into ETCReading (ID, TGID, DTime, ETag) values (4, 85, '2018-03-03 07:14:33', 5);
insert into ETCReading (ID, TGID, DTime, ETag) values (5, 39, '2018-12-19 22:09:26', 6);
insert into ETCReading (ID, TGID, DTime, ETag) values (6, 57, '2018-06-24 23:18:36', 4);
insert into ETCReading (ID, TGID, DTime, ETag) values (7, 46, '2018-03-31 16:37:03', 5);
insert into ETCReading (ID, TGID, DTime, ETag) values (8, 81, '2018-07-31 06:58:18', 1);
insert into ETCReading (ID, TGID, DTime, ETag) values (9, 60, '2018-03-28 08:16:03', 8);
insert into ETCReading (ID, TGID, DTime, ETag) values (10, 67, '2018-03-19 09:54:51', 3);
insert into ETCReading (ID, TGID, DTime, ETag) values (11, 39, '2018-03-03 17:14:31', 3);
insert into ETCReading (ID, TGID, DTime, ETag) values (12, 34, '2018-12-17 11:01:30', 9);
insert into ETCReading (ID, TGID, DTime, ETag) values (13, 36, '2018-05-03 12:08:24', 4);
insert into ETCReading (ID, TGID, DTime, ETag) values (14, 100, '2018-10-23 16:04:18', 6);
insert into ETCReading (ID, TGID, DTime, ETag) values (15, 77, '2019-01-15 15:32:27', 10);
insert into ETCReading (ID, TGID, DTime, ETag) values (16, 1, '2018-03-20 10:53:19', 1);
insert into ETCReading (ID, TGID, DTime, ETag) values (17, 82, '2018-03-07 08:49:30', 4);
insert into ETCReading (ID, TGID, DTime, ETag) values (18, 10, '2018-08-31 21:03:32', 4);
insert into ETCReading (ID, TGID, DTime, ETag) values (19, 24, '2018-07-23 05:18:16', 8);
insert into ETCReading (ID, TGID, DTime, ETag) values (20, 38, '2019-02-13 20:59:39', 10);
insert into ETCReading (ID, TGID, DTime, ETag) values (21, 88, '2019-01-20 16:47:39', 6);
insert into ETCReading (ID, TGID, DTime, ETag) values (22, 62, '2018-04-29 06:53:42', 5);
insert into ETCReading (ID, TGID, DTime, ETag) values (23, 46, '2018-06-16 03:04:27', 7);
insert into ETCReading (ID, TGID, DTime, ETag) values (24, 31, '2018-09-05 20:14:22', 2);
insert into ETCReading (ID, TGID, DTime, ETag) values (25, 72, '2018-02-24 07:13:27', 6);
insert into ETCReading (ID, TGID, DTime, ETag) values (26, 51, '2018-06-25 05:43:56', 2);
insert into ETCReading (ID, TGID, DTime, ETag) values (27, 88, '2018-05-07 15:20:43', 1);
insert into ETCReading (ID, TGID, DTime, ETag) values (28, 22, '2018-09-05 21:38:20', 6);
insert into ETCReading (ID, TGID, DTime, ETag) values (29, 90, '2018-10-12 05:20:04', 8);
insert into ETCReading (ID, TGID, DTime, ETag) values (30, 93, '2018-10-30 20:33:53', 6);
insert into ETCReading (ID, TGID, DTime, ETag) values (31, 74, '2018-10-31 04:29:57', 6);
insert into ETCReading (ID, TGID, DTime, ETag) values (32, 24, '2018-08-18 18:43:59', 1);
insert into ETCReading (ID, TGID, DTime, ETag) values (33, 22, '2018-08-24 18:57:46', 6);
insert into ETCReading (ID, TGID, DTime, ETag) values (34, 80, '2018-05-09 04:07:56', 7);
insert into ETCReading (ID, TGID, DTime, ETag) values (35, 21, '2018-03-13 17:45:27', 5);
insert into ETCReading (ID, TGID, DTime, ETag) values (36, 45, '2018-04-14 06:07:55', 2);
insert into ETCReading (ID, TGID, DTime, ETag) values (37, 1, '2018-12-09 03:08:52', 3);
insert into ETCReading (ID, TGID, DTime, ETag) values (38, 5, '2019-01-27 20:19:28', 7);
insert into ETCReading (ID, TGID, DTime, ETag) values (39, 94, '2019-01-04 02:00:15', 7);
insert into ETCReading (ID, TGID, DTime, ETag) values (40, 98, '2018-03-09 00:33:16', 7);
insert into ETCReading (ID, TGID, DTime, ETag) values (41, 23, '2018-07-31 13:02:02', 8);
insert into ETCReading (ID, TGID, DTime, ETag) values (42, 57, '2018-03-21 07:58:50', 1);
insert into ETCReading (ID, TGID, DTime, ETag) values (43, 78, '2018-05-24 20:25:08', 5);
insert into ETCReading (ID, TGID, DTime, ETag) values (44, 67, '2018-10-27 05:08:29', 2);
insert into ETCReading (ID, TGID, DTime, ETag) values (45, 22, '2018-08-26 00:55:30', 5);
insert into ETCReading (ID, TGID, DTime, ETag) values (46, 50, '2018-03-08 13:41:08', 1);
insert into ETCReading (ID, TGID, DTime, ETag) values (47, 79, '2019-01-09 12:19:16', 9);
insert into ETCReading (ID, TGID, DTime, ETag) values (48, 25, '2018-09-16 10:13:07', 8);
insert into ETCReading (ID, TGID, DTime, ETag) values (49, 39, '2018-06-15 09:47:21', 3);
insert into ETCReading (ID, TGID, DTime, ETag) values (50, 27, '2018-04-09 01:08:09', 4);
insert into ETCReading (ID, TGID, DTime, ETag) values (51, 90, '2019-01-12 14:41:09', 6);
insert into ETCReading (ID, TGID, DTime, ETag) values (52, 91, '2018-04-11 23:18:01', 3);
insert into ETCReading (ID, TGID, DTime, ETag) values (53, 13, '2018-08-19 13:10:01', 6);
insert into ETCReading (ID, TGID, DTime, ETag) values (54, 66, '2018-09-27 11:05:42', 10);
insert into ETCReading (ID, TGID, DTime, ETag) values (55, 82, '2018-04-08 12:32:44', 5);
insert into ETCReading (ID, TGID, DTime, ETag) values (56, 10, '2018-04-20 01:24:44', 9);
insert into ETCReading (ID, TGID, DTime, ETag) values (57, 16, '2018-12-09 08:59:54', 1);
insert into ETCReading (ID, TGID, DTime, ETag) values (58, 57, '2018-05-12 05:35:30', 10);
insert into ETCReading (ID, TGID, DTime, ETag) values (59, 97, '2019-01-19 16:12:06', 8);
insert into ETCReading (ID, TGID, DTime, ETag) values (60, 16, '2018-07-29 06:17:30', 7);
insert into ETCReading (ID, TGID, DTime, ETag) values (61, 77, '2019-01-14 15:22:27', 3);
insert into ETCReading (ID, TGID, DTime, ETag) values (62, 39, '2018-08-20 23:08:19', 6);
insert into ETCReading (ID, TGID, DTime, ETag) values (63, 29, '2018-09-19 11:31:30', 6);
insert into ETCReading (ID, TGID, DTime, ETag) values (64, 18, '2018-08-17 13:29:33', 8);
insert into ETCReading (ID, TGID, DTime, ETag) values (65, 17, '2018-04-12 02:39:30', 10);
insert into ETCReading (ID, TGID, DTime, ETag) values (66, 95, '2018-04-18 15:15:02', 7);
insert into ETCReading (ID, TGID, DTime, ETag) values (67, 1, '2018-08-07 02:46:55', 4);
insert into ETCReading (ID, TGID, DTime, ETag) values (68, 24, '2018-07-31 03:44:36', 2);
insert into ETCReading (ID, TGID, DTime, ETag) values (69, 86, '2018-06-13 20:26:38', 8);
insert into ETCReading (ID, TGID, DTime, ETag) values (70, 6, '2018-08-21 00:30:35', 3);
insert into ETCReading (ID, TGID, DTime, ETag) values (71, 62, '2018-05-24 19:59:00', 5);
insert into ETCReading (ID, TGID, DTime, ETag) values (72, 70, '2018-05-20 15:10:04', 5);
insert into ETCReading (ID, TGID, DTime, ETag) values (73, 67, '2019-01-07 14:06:14', 1);
insert into ETCReading (ID, TGID, DTime, ETag) values (74, 71, '2018-10-22 00:29:21', 1);
insert into ETCReading (ID, TGID, DTime, ETag) values (75, 18, '2019-01-08 03:15:03', 4);
insert into ETCReading (ID, TGID, DTime, ETag) values (76, 84, '2018-04-30 22:16:01', 1);
insert into ETCReading (ID, TGID, DTime, ETag) values (77, 14, '2019-01-07 10:22:13', 9);
insert into ETCReading (ID, TGID, DTime, ETag) values (78, 70, '2018-10-09 17:27:05', 10);
insert into ETCReading (ID, TGID, DTime, ETag) values (79, 5, '2018-07-03 23:07:27', 6);
insert into ETCReading (ID, TGID, DTime, ETag) values (80, 12, '2019-02-13 23:34:09', 2);
insert into ETCReading (ID, TGID, DTime, ETag) values (81, 7, '2018-11-21 19:57:56', 9);
insert into ETCReading (ID, TGID, DTime, ETag) values (82, 15, '2019-02-05 11:04:32', 4);
insert into ETCReading (ID, TGID, DTime, ETag) values (83, 46, '2018-06-23 18:51:35', 4);
insert into ETCReading (ID, TGID, DTime, ETag) values (84, 37, '2018-09-29 11:20:38', 3);
insert into ETCReading (ID, TGID, DTime, ETag) values (85, 17, '2019-01-31 22:08:30', 6);
insert into ETCReading (ID, TGID, DTime, ETag) values (86, 2, '2018-05-11 20:57:53', 6);
insert into ETCReading (ID, TGID, DTime, ETag) values (87, 87, '2019-01-23 22:03:16', 3);
insert into ETCReading (ID, TGID, DTime, ETag) values (88, 88, '2018-11-18 08:56:32', 6);
insert into ETCReading (ID, TGID, DTime, ETag) values (89, 60, '2018-07-20 18:02:03', 8);
insert into ETCReading (ID, TGID, DTime, ETag) values (90, 17, '2018-04-17 11:30:54', 1);
insert into ETCReading (ID, TGID, DTime, ETag) values (91, 8, '2018-11-18 03:21:40', 2);
insert into ETCReading (ID, TGID, DTime, ETag) values (92, 43, '2018-05-14 10:54:17', 5);
insert into ETCReading (ID, TGID, DTime, ETag) values (93, 5, '2019-02-04 03:26:07', 10);
insert into ETCReading (ID, TGID, DTime, ETag) values (94, 32, '2018-06-25 10:53:28', 2);
insert into ETCReading (ID, TGID, DTime, ETag) values (95, 33, '2019-02-02 03:06:50', 8);
insert into ETCReading (ID, TGID, DTime, ETag) values (96, 67, '2018-06-12 17:15:51', 7);
insert into ETCReading (ID, TGID, DTime, ETag) values (97, 86, '2018-10-22 14:05:42', 9);
insert into ETCReading (ID, TGID, DTime, ETag) values (98, 67, '2018-12-19 00:46:06', 4);
insert into ETCReading (ID, TGID, DTime, ETag) values (99, 95, '2018-12-02 15:53:00', 8);
insert into ETCReading (ID, TGID, DTime, ETag) values (100, 31, '2018-07-06 12:39:26', 7);

insert into ETCReading (ID, TGID, DTime, ETag) values (101, 30, '2018-07-06 12:39:26', 7);
insert into ETCReading (ID, TGID, DTime, ETag) values (102, 30, '2018-07-06 12:39:26', 7);
insert into ETCReading (ID, TGID, DTime, ETag) values (103, 95, '2018-07-06 12:39:26', 7);

insert into ETCReading (ID, TGID, DTime, ETag) values (104, 6, '2018-07-06 12:39:26', 10);
insert into ETCReading (ID, TGID, DTime, ETag) values (105, 6, '2018-07-06 12:39:26', 2);
insert into Constructor (ID, FullName) values (1, 'Zerk Sillett');
insert into Constructor (ID, FullName) values (2, 'Vivyanne MacHostie');
insert into Constructor (ID, FullName) values (3, 'Gerti Croad');
insert into Constructor (ID, FullName) values (4, 'Enrique Mundell');
insert into Constructor (ID, FullName) values (5, 'Celia Keson');
insert into Constructor (ID, FullName) values (6, 'Mora Pelham');
insert into Constructor (ID, FullName) values (7, 'Jackelyn Scriven');
insert into Constructor (ID, FullName) values (8, 'Marcel Konertz');
insert into Constructor (ID, FullName) values (9, 'Kim Algy');
insert into Constructor (ID, FullName) values (10, 'Eustacia Finessy');
insert into Constructor (ID, FullName) values (11, 'Gussie Hanny');
insert into Constructor (ID, FullName) values (12, 'Minnie MacKenzie');
insert into Constructor (ID, FullName) values (13, 'Agnella Privett');
insert into Constructor (ID, FullName) values (14, 'Michaelina Jakeman');
insert into Constructor (ID, FullName) values (15, 'Marketa Jessett');
insert into Constructor (ID, FullName) values (16, 'Felisha Stocks');
insert into Constructor (ID, FullName) values (17, 'Gaston Silbermann');
insert into Constructor (ID, FullName) values (18, 'Orlando Gregr');
insert into Constructor (ID, FullName) values (19, 'Jae Kerwood');
insert into Constructor (ID, FullName) values (20, 'Gerry Spurryer');
insert into Constructor (ID, FullName) values (21, 'Marietta Rubinovitch');
insert into Constructor (ID, FullName) values (22, 'Marge Swabey');
insert into Constructor (ID, FullName) values (23, 'Casper MacGiolla Pheadair');
insert into Constructor (ID, FullName) values (24, 'Jessika Bruinsma');
insert into Constructor (ID, FullName) values (25, 'Babbie Larkcum');
insert into Constructor (ID, FullName) values (26, 'Stan Lemon');
insert into Constructor (ID, FullName) values (27, 'Weber Dalyell');
insert into Constructor (ID, FullName) values (28, 'Kale Hubert');
insert into Constructor (ID, FullName) values (29, 'Prescott La Wille');
insert into Constructor (ID, FullName) values (30, 'Poppy Cavanaugh');
insert into Constructed (TWID, CID) values (1, 1);
insert into Constructed (TWID, CID) values (2, 2);
insert into Constructed (TWID, CID) values (3, 3);
insert into Constructed (TWID, CID) values (4, 4);
insert into Constructed (TWID, CID) values (5, 5);
insert into Constructed (TWID, CID) values (6, 6);
insert into Constructed (TWID, CID) values (7, 7);
insert into Constructed (TWID, CID) values (8, 8);
insert into Constructed (TWID, CID) values (9, 9);
insert into Constructed (TWID, CID) values (10, 10);
